FID,ID_EQUIPAMIENTO,TOOLTIP,FINALIDAD,SDOPUNTO
gp_sedesWifi.fid-55826e8e_15f397fdb1e_-1846,65, Centro de Servicios Sociales Comunitarios Distrito Bailén-Miraflores,"El Centro de Servicios Sociales, a través de un equipo interdisciplinar, ofrece:
- Una atención personalizada a individuos, grupos y entidades. 
- El estudio, valoración y tratamiento de las necesidades sociales. 
- La gestión de servicios y prestaciones sociales acorde con el diagnóstico social y las Normativas de Servicios Sociales vigentes. 
- Realización de actividades comunitarias.
Los Programas puestos en marcha desde el C.S.S Bailén-Miraflores son: Trabajo Social de Zona, Familia y Convivencia, Prevención de la Marginación e Inserción Social, Cooperación Social y Prestaciones Económicas Complementarias.
El horario de atención al público es de lunes a viernes de 9:00 a 13:30 horas.  El Centro abre de 7,30 a 15,30",POINT (371771.7972802016 4065710.2075802954)
gp_sedesWifi.fid-55826e8e_15f397fdb1e_-1845,196, Centro de Servicios Sociales Comunitarios Distrito Campanillas,"El Centro de Servicios Sociales, a través de un equipo interdisciplinar, ofrece:
- Una atención personalizada a individuos, grupos y entidades. 
- El estudio, valoración y tratamiento de las necesidades sociales. 
- La gestión de servicios y prestaciones sociales acorde con el diagnóstico social y las Normativas de Servicios Sociales vigentes. 
- Realización de actividades comunitarias.",POINT (362769.6474863901 4065249.565383601)
gp_sedesWifi.fid-55826e8e_15f397fdb1e_-1844,189, Centro de Servicios Sociales Comunitarios Distrito Centro,"El Centro de Servicios Sociales, a través de un equipo interdisciplinar, ofrece:
- Una atención personalizada a individuos, grupos y entidades. 
- El estudio, valoración y tratamiento de las necesidades sociales. 
- La gestión de servicios y prestaciones sociales acorde con el diagnóstico social y las Normativas de Servicios Sociales vigentes. 
- Realización de actividades comunitarias.",POINT (372650.7359650617 4064872.624205727)
gp_sedesWifi.fid-55826e8e_15f397fdb1e_-1843,195, Centro de Servicios Sociales Comunitarios Distrito Churriana,"El Centro de Servicios Sociales, a través de un equipo interdisciplinar, ofrece:
- Una atención personalizada a individuos, grupos y entidades. 
- El estudio, valoración y tratamiento de las necesidades sociales. 
- La gestión de servicios y prestaciones sociales acorde con el diagnóstico social y las Normativas de Servicios Sociales vigentes. 
- Realización de actividades comunitarias.",POINT (365609.21859594155 4058459.981796451)
gp_sedesWifi.fid-55826e8e_15f397fdb1e_-1842,812,SERVICIOS OPERATIVOS,"- Gestión del Parque móvil municipal.
- Talleres de reparación de vehículos.
- Almacenes.
- Conservación y mantenimiento: Carpintería, Fragua, Albaliñería, Fontanería, Pintura.
- Mantenimiento de alumbrado público e instalaciones eléctricas.
- Manenimiento de instalaciones especiales.",POINT (370087.81369557255 4063042.5274542444)
gp_sedesWifi.fid-55826e8e_15f397fdb1e_-1841,330,Ayuntamiento de Málaga (Casa Consistorial),"Edificio principal del Ayuntamiento de Málaga.

Periodo: Siglo XX.
El 11 de abril del 1919 el Exmo. Ayuntamiento tomó posesión de la que es su sede hasta nuestros días. El nuevo edificio, obra de los arquitectos <i>Guerrero Strachan</i> y <i>Manuel Rivera Vera</i>, vendría a satisfacer una doble necesidad: por un lado, hacer frente a la creciente demanda administrativa de una ciudad en desarrollo y, por otro, proyectar una imagen renovada, de prestigio y de progreso. 

Se proyectó no sólo como consistorio, sino también como sede de la Audiencia Provincial y de los Juzgados de Instrucción. El edificio se encuentra en el Paseo del Parque, localizándose en la principal vía de comunicación, integrando el espacio que lo acoge como un elemento más de decoración, dada su representatividad como monumento artístico que viene dado por la decoración de sus fachadas y de los salones que acoge en su interior, que transmite valores de prestigio.",POINT (373641.50574044726 4064760.2877101554)
gp_sedesWifi.fid-55826e8e_15f397fdb1e_-1840,113,"Biblioteca Pública Municipal ""Francisco de Quevedo"" (La Luz)","Biblioteca Pública Municipal que se encuentra en el distrito 7. Es un  centro vivo de cultura que pretende:<br>
<br>- Ofertar servicios que garanticen la igualdad de oportunidades en las fuentes de información, formación y ocio.
<br>- Crear y consolidar los hábitos de lectura y fomentar entre la población infantil y adulta el uso de las bibliotecas.
<br>- Estimular el interés en el conocimiento y favorecer el aprendizaje.
<br><br>
<b>Se ofrece:</b>
<br>
<br>- Información general.
<br>- Referencia e información bibliográfica.
<br>- Préstamo individual.
<br>- Préstamo interbibliotecario.
<br>- Lectura en sala: Infantil-Adultos.
<br>- Hemeroteca. 
<br>- Reserva de documentos.
<br>- Reprografía.
<br>- Disideratas.
<br>- Consulta CD-ROM.
<br>- Sección Local.
<br>- Audiovisuales (DVD, Videos, CDs musicales, CD-Rom...)
<br>- Multimedia.
<br>- Formación de usuarios
<br>- Actividades de dinamización y fomento a la lectura.",POINT (370205.5043828647 4062141.938577404)
gp_sedesWifi.fid-55826e8e_15f397fdb1e_-183f,193, Centro de Servicios Sociales Comunitarios Distrito Cruz de Humilladero,"El Centro de Servicios Sociales, a través de un equipo interdisciplinar, ofrece:
- Una atención personalizada a individuos, grupos y entidades. 
- El estudio, valoración y tratamiento de las necesidades sociales. 
- La gestión de servicios y prestaciones sociales acorde con el diagnóstico social y las Normativas de Servicios Sociales vigentes. 
- Realización de actividades comunitarias.",POINT (371310.3616605865 4064070.4434270803)
gp_sedesWifi.fid-55826e8e_15f397fdb1e_-183e,197, Centro de Servicios Sociales Comunitarios Distrito Puerto de la Torre.,"El Centro de Servicios Sociales, a través de un equipo interdisciplinar, ofrece:
- Una atención personalizada a individuos, grupos y entidades. 
- El estudio, valoración y tratamiento de las necesidades sociales. 
- La gestión de servicios y prestaciones sociales acorde con el diagnóstico social y las Normativas de Servicios Sociales vigentes. 
- Realización de actividades comunitarias.",POINT (367538.3043074528 4066307.356830452)
gp_sedesWifi.fid-55826e8e_15f397fdb1e_-183d,602,INSTITUTO MUNICIPAL DE LA VIVIENDA (IMV),"- Adquisición, promoción y enajenación de suelo.<br>- Promoción de viviendas con algún tipo de protección y adjudicación de las mismas, tanto en venta como en alquiler.<br>- Administración y Gestión de viviendas en alquiler.<br>- Rehabilitación de edificios según líneas de actuación.<BR>- Aplicación del Plan de Autoconstrución Municipal.",POINT (369881.60059956554 4064464.886317985)
gp_sedesWifi.fid-55826e8e_15f397fdb1e_-183c,605,IMFE: Instituto Municipal para la Formación y el Empleo,"El IMFE es un organismo de información y asesoramiento en materia de promoción del empleo y del autoempleo en el Municipio de Málaga, que actúa como motor impulsor  y coordinador de todos aquellos recursos destinados a dinamizar la actividad formativa, económica y empresarial de la ciudad con el fin de alcanzar el objetivo último del Pleno Empleo.
",POINT (361801.8603006137 4066721.0552108185)
gp_sedesWifi.fid-55826e8e_15f397fdb1e_-183b,283,Oficina Municipal de Turismo - Central (Área de Turismo),"Facilitar información turística y atención personalizada a visitantes y ciudadanos de Málaga<br><p>

<b>Atención policial al turista en su idioma</b><br>
El Servicio de Atención al Turista Extranjero (SATE) está disponible en la oficina de información turística de la plaza de la Marina (de 9.00 a 18.00 horas en invierno y de 9.00 a 20.00 horas en verano). Teléfono: 902999818.
El SATE atenderá a las víctimas de delitos o faltas en su propio idioma, asesorándoles en las gestiones procedimentales y documentales derivadas del hecho acaecido (cancelación de tarjetas y documentación de crédito, contacto con embajadas y consulados, comunicación y localización de familiares, etc.). Igualmente, este servicio asistirá al turista en la tramitación de la denuncia, informándole de sus derechos y entregándole la citación para la celebración del juicio rápido cuando proceda.
",POINT (373123.65288985457 4064476.1206889907)
gp_sedesWifi.fid-55826e8e_15f397fdb1e_-183a,234,Escuela Municipal Infantil,-,POINT (373612.02809393127 4065546.334260969)
gp_sedesWifi.fid-55826e8e_15f397fdb1e_-1839,692,Sección de PLANIFICACIÓN Y ANÁLISIS DE RIESGO (PROTECCIÓN CIVIL),"Planificación de las actuaciones en riesgos o emergencias, colaboración en vigilancia de medidas de seguridad y prevención en actos públicos. Dirección y Control de la Agrupación Municipal de Voluntarios de Protección Civil.",POINT (372722.21589207597 4065414.167187709)
gp_sedesWifi.fid-55826e8e_15f397fdb1e_-1838,619,Área de JUVENTUD,"Servicios, actividades y programas dirigidos a la juventud:
<li>Servicios de actividades de formación y tiempo libre
<li>Servicio para la promoción de jóvenes creadores artísticos
<li>Servicio de Información y Asesoramiento Juvenil.",POINT (372008.6664837617 4063990.0647264575)
gp_sedesWifi.fid-55826e8e_15f397fdb1e_-1837,414,Delegación de DISTRITO 1 - CENTRO,"La delegación del distrito se encarga de presidir los órganos de gobierno y velar por la correcta aplicación del Reglamento de Participación y por el buen funcionamiento de la Oficina del Distrito. Así como la relación con las entidades cívicas y culturales que en el distrito existan, y con el resto de Áreas municipales.",POINT (374113.02875518415 4064812.1467475877)
gp_sedesWifi.fid-55826e8e_15f397fdb1e_-1836,25,"Centro municipal socialcultural del Perchel ""La Serna"" (Distrito 1 Centro)","Centro donde se desarrollan actividades Culturales, recreativas, talleres, lugar de reuniones, etc. para su ámbito de influencia (barrio del Perchel)",POINT (372318.07008374535 4064129.694339817)
gp_sedesWifi.fid-55826e8e_15f397fdb1e_-1835,674,Servicio de PARQUES Y JARDINES ,"- Mantenimiento y conservación de las zonas verdes de la ciudad.
- Ordenanzas de promoción y conservación de zonas verdes.
- Ajardinamientos de zonas públicas municipales.
- Autorizaciones a particulares y otras Administraciones Públicas.
- Informes sobre zonas verdes y Expedientes de Obra tramitadas por Gerencia de Urbanismo.
- Expedientes sancionadores.
- Subvenciones.",POINT (373686.27471387037 4067971.9824205874)
gp_sedesWifi.fid-55826e8e_15f397fdb1e_-1834,83,O.A. GESTION TRIBUTARIA - Atención al Público (Tabacalera),"- Oficinas de atención al público donde se podrán realizar diferentes trámites relacionados con los tributos municipales, padrón de habitantes, sanciones en materia de infracciones de tráfico y las derivadas de la ordenanza para la Garantía de la Convivencia Ciudadana y la Protección del Espacio Urbano.
<br><br>",POINT (371337.9832119067 4062401.145848749)
gp_sedesWifi.fid-55826e8e_15f397fdb1e_-1833,236,Centro Municipal de Acogida,"Acoge a colectivos en estado de necesidad, prestándoles los medios necesarios para normalizar su convivencia.
Cubre las necesidades básicas de los usuarios/as acogidos/as (marginados sin hogar, transeúntes, indomiciliados, inmigrantes).",POINT (372257.4905088995 4063482.5772908763)
gp_sedesWifi.fid-55826e8e_15f397fdb1e_-1832,475,"EMPRESA MALAGUEÑA DE TRANSPORTES, S.A.M. (EMT)",- Servicio Público de Transporte de viajeros.<br>- Asesoramiento en materia de transportes del Ayuntamiento.,POINT (370138.7642315116 4063043.9736959604)
gp_sedesWifi.fid-55826e8e_15f397fdb1e_-1831,276,Centro de Atención al Cliente (EMT),"- Información sobre recorridos y horario.<br>- Emisión de tarjetas jubilado y estudiantes.<BR>- Gestión de incidencias en tarjetas sin contacto.<BR>- Venta y recarga de tarjetas.
-  Información objetos perdidos.
- Recepción de Reclamaciones, Sugerencias, y Quejas.",POINT (372891.0130815853 4064450.7231385596)
gp_sedesWifi.fid-55826e8e_15f397fdb1e_-1830,63,Servicio de Calidad y Modernización - Centro Municipal de Formación (CMF) - Servicio de Atención Integral a la Ciudadanía (SAIC),"- Servicio de Calidad y Modernización
- Centro de Formación para los empleados municipales
- Servicios Centrales del Servicio de Atención Integral a la Ciudadanía",POINT (372739.6637597369 4065386.166962954)
gp_sedesWifi.fid-55826e8e_15f397fdb1e_-182f,116,"Biblioteca Pública Municipal ""Manuel Altolaguirre"" (Unión)","Biblioteca Pública Municipal que se encuentra en el distrito 6. Es un  centro vivo de cultura que pretende:

- Ofertar servicios que garanticen la igualdad de oportunidades en las fuentes de información, formación y ocio.
- Crear y consolidar los hábitos de lectura y fomentar entre la población infantil y adulta el uso de las bibliotecas.
- Estimular el interés en el conocimiento y favorecer el aprendizaje.


<b>Se ofrece:</b>
<br>
<br>- Información general.
<br>- Referencia e información bibliográfica.
<br>- Préstamo individual.
<br>- Préstamo interbibliotecario.
<br>- Lectura en sala: Infantil-Adultos.
<br>- Hemeroteca. 
<br>- Reserva de documentos.
<br>- Reprografía.
<br>- Disideratas.
<br>- Consulta CD-ROM.
<br>- Sección Local.
<br>- Audiovisuales (DVD, Videos, CDs musicales, CD-Rom...)
<br>- Multimedia.
<br>- Formación de usuarios
<br>- Actividades de dinamización y fomento a la lectura.",POINT (371587.9703456046 4064055.1771195605)
gp_sedesWifi.fid-55826e8e_15f397fdb1e_-182e,122,"Biblioteca Pública Municipal ""Jorge Luis Borges"" (Campanillas)"," Biblioteca Pública Municipal que se encuentra en el distrito 9. Es un  centro vivo de cultura que pretende:<br>
<br>- Ofertar servicios que garanticen la igualdad de oportunidades en las fuentes de información, formación y ocio.
<br>- Crear y consolidar los hábitos de lectura y fomentar entre la población infantil y adulta el uso de las bibliotecas.
<br>- Estimular el interés en el conocimiento y favorecer el aprendizaje.
<br><br>
<b>Se ofrece:</b>
<br>
<br>- Información general.
<br>- Referencia e información bibliográfica.
<br>- Préstamo individual.
<br>- Préstamo interbibliotecario.
<br>- Lectura en sala: Infantil-Adultos.
<br>- Hemeroteca. 
<br>- Reserva de documentos.
<br>- Reprografía.
<br>- Disideratas.
<br>- Consulta CD-ROM.
<br>- Sección Local.
<br>- Audiovisuales (DVD, Videos, CDs musicales, CD-Rom...)
<br><a href=""http://www.malaga.eu target=""_blank"">- Multimedia.</a>
<br>- Formación de usuarios
<br>- Actividades de dinamización y fomento a la lectura.",POINT (362025.4682791733 4065799.732958877)
gp_sedesWifi.fid-55826e8e_15f397fdb1e_-182d,261,"Biblioteca Pública Municipal ""Salvador Rueda"" (Ciudad Jardín)","Biblioteca Pública Municipal que se encuentra en el distrito 3. Es un  centro vivo de cultura que pretende:

- Ofertar servicios que garanticen la igualdad de oportunidades en las fuentes de información, formación y ocio.
- Crear y consolidar los hábitos de lectura y fomentar entre la población infantil y adulta el uso de las bibliotecas.
- Estimular el interés en el conocimiento y favorecer el aprendizaje.
<br><br>
<b>Se ofrece:</b>
<br>
<br>- Información general.
<br>- Referencia e información bibliográfica.
<br>- Préstamo individual.
<br>- Préstamo interbibliotecario.
<br>- Lectura en sala: Infantil-Adultos.
<br>- Hemeroteca. 
<br>- Reserva de documentos.
<br>- Reprografía.
<br>- Disideratas.
<br>- Consulta CD-ROM.
<br>- Sección Local.
<br>- Audiovisuales (DVD, Videos, CDs musicales, CD-Rom...)
<br>- Multimedia.
<br>- Formación de usuarios
<br>- Actividades de dinamización y fomento a la lectura.",POINT (372904.14740904985 4066837.331299235)
gp_sedesWifi.fid-55826e8e_15f397fdb1e_-182c,334,ÁREA DE DERECHOS SOCIALES,"El Área de Derechos Sociales es una organización que está integrada en la estructura del Ayuntamiento de Málaga, dependiendo del Área de Gobierno de Derechos Sociales.
 
Esta Área desarrolla las prestaciones básicas de servicios sociales contempladas en la Ley de Servicios Sociales de Andalucía y todas aquellas funciones delegadas por Junta de Gobierno Local, desarrollándolas en el V Plan de Inclusión Social del Ayuntamiento de Málaga, entre estas funciones se relacionan:

- Diseño y gestión de la Política de Bienestar Social.

- Programar los planes generales de interacción social y proyectos específicos destinados a los diferentes sectores de la población necesitados de actuaciones sociales concretas (menores, mayores, personas con discapacidad, minorías sociales, drogodependencias y ludopatía, SIDA, etc.)

- Asunción de las competencias delegadas en materia de servicios sociales por otra administraciones.

- Diseño de Planes y/o programas especiales en respuesta a la detección de necesidades especificas atendiendo a un marco territorial o una población con unas características determinadas.

- Coordinación con otras Áreas Municipales y/o Administraciones, empresas, etc. en el marco del desarrollo de los proyectos propios.

- Coordinar los servicios y prestaciones sociales que el Ayuntamiento de Málaga presta a los ciudadanos.

- Estudiar y analizar las necesidades en materia de recursos y equipamientos sociales de la ciudad. Estableciendo prioridades. 

- Prevención. Diseño y ejecución de programas preventivos hacia todos los sectores de población, en aras a evitar las causas de exclusión social.

- Integración Social. Promover programas que favorezcan la integración social de los distintos colectivos.

- Atender en primera instancia las diversas demandas que se reciben en el Área de Derechos Sociales relacionadas con los servicios de su competencia.",POINT (371422.6612516309 4062327.7481319564)
gp_sedesWifi.fid-55826e8e_15f397fdb1e_-182b,429,Junta Municipal de Distrito 7 Carretera de Cádiz,"Estas instalaciones cuenta con los siguientes servicios:<BR>
- Junta Municipal de Distrito.<BR>
La Junta Municipal del Distrito ofrece los siguientes servicios:
<br>- Atención al ciudadano, vecinos o entidades, ante cualquier petición dándole traslado al Área.
<br>- Participación ciudadana a través de los órganos de gobierno:
<br> a) Comisiones de trabajo, Consejo Político y Pleno.
<br> b) Gestión de Subvenciones a entidades del distrito.
<br>- Organización de actividades culturales, deportivas, etc.
<br>- Coordinación y colaboración en el control y seguimiento de obras.
<br>- Fomento del deporte en el distrito por medio de los técnicos de Fundación Deportiva que asesoran en actividades deportivas. 
<br>- Asesoramiento y apoyo a la mujer por medio de los Agentes para la Igualdad de la Mujer. 
<br>- Información y gestión de las prestaciones sociales municipales por medio del Centro de Servicios Sociales del distrito.
<br>- Fomento de la lectura a través de las Bibliotecas Municipales.",POINT (371570.5053107207 4062831.519217829)
gp_sedesWifi.fid-55826e8e_15f397fdb1e_-182a,191, Centro de Servicios Sociales Comunitarios Distrito Ciudad Jardín,"El Centro de Servicios Sociales, a través de un equipo interdisciplinar, ofrece:
- Una atención personalizada a individuos, grupos y entidades. 
- El estudio, valoración y tratamiento de las necesidades sociales. 
- La gestión de servicios y prestaciones sociales acorde con el diagnóstico social y las Normativas de Servicios Sociales vigentes. 
- Realización de actividades comunitarias.
Acoge en sus dependencias a la Asoc. Jubilados Cortijillo Bazán. Talleres de manualidades, coro popular y teatro. Viajes y excursiones para socios y no socios. Actividades lúdicas (dominó, parchís, etc.)",POINT (373408.7933458331 4067444.576958615)
gp_sedesWifi.fid-55826e8e_15f397fdb1e_-1829,190, Centro de Servicios Sociales Comunitarios Distrito Este,"El Centro de Servicios Sociales, a través de un equipo interdisciplinar, ofrece:
- Atención personalizada a individuos, grupos y entidades. 
- Estudio, valoración y tratamiento de las necesidades sociales. 
- Gestión de servicios y prestaciones sociales acorde con el diagnóstico social y las Normativas de Servicios Sociales vigentes. 
- Realización de actividades comunitarias.
ACOGE LA A. MAYORES MALAGA ESTE:
ORGANIZAN VIAJES CULTURALES,CORO ROCIERO . 
EN CUANTO A TALLERES DEL CENTRO; TIENEN CHI-KUNG, BAILE, YOGA, TALLER DE MEMORIA, CORAL.
MANUALIDADES: PINTURA EN TELA, CERAMICA, TAPICERIA, CORTE Y CONFECCIÓN, ALFABETIZACIÓN DE ADULTOS, INFORMATICA.",POINT (378700.7727900634 4064619.3813864444)
gp_sedesWifi.fid-55826e8e_15f397fdb1e_-1828,192, Centro de Servicios Sociales Comunitarios Distrito Palma-Palmilla,"El Centro de Servicios Sociales, a través de un equipo interdisciplinar, ofrece:
- Una atención personalizada a individuos, grupos y entidades. 
- El estudio, valoración y tratamiento de las necesidades sociales. 
- La gestión de servicios y prestaciones sociales acorde con el diagnóstico social y las Normativas de Servicios Sociales vigentes. 
- Realización de actividades comunitarias.",POINT (372517.8002506322 4067280.277003702)
gp_sedesWifi.fid-55826e8e_15f397fdb1e_-1827,1015,Oficina Municipal de Atención a la Ciudadanía (OMAC 6 - Cruz de Humilladero),"- Oficina de atención a la ciudadanía dónde le informarán de todos los servicios que ofrece en el Ayuntamiento de Málaga, y podrá realizar algunos de ellos.",POINT (371213.6491055268 4064055.253811744)
gp_sedesWifi.fid-55826e8e_15f397fdb1e_-1826,1193,Teatro Cervantes de Málaga S.A.,"El Teatro Cervantes se distingue por la densidad y diversidad de las actividades que en él se desarrollan. Satisfacer las demandas e intereses de los ciudadanos sea cual sea su edad, condición social, formación, bagaje cultural o cualquier otro tipo de rasgos y particularidades es, como espacio público, nuestro fin primero y último; es decir, la premisa de la que partimos a la hora de diseñar nuestra programación.

Trabajamos para responder eficazmente a la aplicación de un modelo cultural global que tiene como base la pluralidad, el rigor y la calidad. De esta forma, no nos mantenemos ajenos a ninguno de los géneros, tendencias y corrientes escénicas que continua y vertiginosamente nacen, se suceden y multiplican transformando el panorama artístico internacional.

En nuestro escenario todo y todos tienen cabida, puesto que lo que en él acontece no es otra cosa que la imagen compleja y fidedigna de la evolución y gustos sociales, así como la manera de impedir el deterioro y olvido de los clásicos 
favoreciendo su permanente vigencia. Los espectáculos programados por el Teatro Cervantes se distribuyen según la ordenación clásica y común de los géneros 
escénicos: lírica, música, teatro y danza, a su vez divididos en multitud de 
variantes en las que, muchas veces, confluyen y se mezclan llegando a resultados difícilmente catalogables.

La oferta cultural de hoy es así: inagotable, híbrida y, en cierta medida, anárquica. Esta es la realidad y no pretendemos otra cosa que ser su mejor reflejo.
",POINT (373341.80539186037 4065272.925711004)
gp_sedesWifi.fid-55826e8e_15f397fdb1e_-1825,129,Museo del Patrimonio Municipal (MUPAM),"Se trata de un proyecto museológico concebido como un reflejo de lo que es la ciudad y lo que ha sido a lo largo de su historia. La colección comienza con la creación del primer Ayuntamiento en 1487 y se prolonga hasta nuestros días.

Una realidad que pone en valor y difunde lo mejor de las más de 4.000 obras que componen la colección del Ayuntamiento.

Nace con un espíritu muy claro de relacionar museo y ciudad. Para ello, además de la estudiada selección y disposición de las piezas expuestas, se le va a conceder gran importancia a los aspectos de divulgación y pedagógicos del museo.",POINT (373866.39717578527 4064866.8215854275)
gp_sedesWifi.fid-55826e8e_15f397fdb1e_-1824,1252,Centro Municipal de Emergencias (C.M.E.),"- Centro desde el que se dirige, coordina y gestiona todos los efectivos de los Cuerpos de Seguridad Municipales ante cualquier situación y especialmente en casos críticos de alarma, accidente o catástrofe que puedan darse en la ciudad.
- También se encuentra ubicado el teléfono 010, que puede ser requerido en caso de maltrato a mujeres, y proporciona información sobre la agenda de actividades municipales, trámites administrativos, equipamientos y servicios, personas de contacto, anuncios, ordenanzas, subvenciones, ayudas, callejero, transporte, farmacias, cines, e incluso otras administraciones.",POINT (375008.4802930968 4066244.844713912)
gp_sedesWifi.fid-55826e8e_15f397fdb1e_-1823,415,Junta Municipal de Distrito 1 Centro - OMAC,"Estas instalaciones cuenta con los siguientes servicios:<BR>
- Junta Municipal de Distrito.<BR>
- Oficina Municipal de Atención a la Ciudadanía (OMAC).<BR>
La Junta Municipal del Distrito ofrece los siguientes servicios:
<br>- Atención al ciudadano, vecinos o entidades, ante cualquier petición dándole traslado al Área.
<br>- Tramitación de la Tarjeta Verde para aparcamientos de Residentes en el Centro.
<br>- Participación ciudadana a través de los órganos de gobierno:
<br> a) Comisiones de trabajo, Consejo Político y Pleno.
<br> b) Gestión de Subvenciones a entidades del distrito.
<br>- Organización de actividades culturales, deportivas, etc.
<br>- Coordinación y colaboración en el control y seguimiento de obras.
<br>- Fomento del deporte en el distrito por medio de los técnicos de Fundación Deportiva que asesoran en actividades deportivas. 
<br>- Asesoramiento y apoyo a la mujer por medio de los Agentes para la Igualdad de la Mujer. 
<br>- Información y gestión de las prestaciones sociales municipales por medio del Centro de Servicios Sociales del distrito.
<br>- Fomento de la lectura a través de las Bibliotecas Municipales.",POINT (373406.24188545614 4065220.9293193207)
gp_sedesWifi.fid-55826e8e_15f397fdb1e_-1822,417,Junta Municipal de Distrito 10 Puerto de la Torre - OMAC,"Estas instalaciones cuenta con los siguientes servicios:<BR>
- Junta Municipal de Distrito.<BR>
- Oficina Municipal de Atención a la Ciudadanía (OMAC).<BR>
La Junta Municipal del Distrito ofrece los siguientes servicios:
<br>- Atención al ciudadano, vecinos o entidades, ante cualquier petición dándole traslado al Área.
<br>- Participación ciudadana a través de los órganos de gobierno:
<br> a) Comisiones de trabajo, Consejo Político y Pleno.
<br> b) Gestión de Subvenciones a entidades del distrito.
<br>- Organización de actividades culturales, deportivas, etc.
<br>- Coordinación y colaboración en el control y seguimiento de obras.
<br>- Fomento del deporte en el distrito por medio de los técnicos de Fundación Deportiva que asesoran en actividades deportivas. 
<br>- Asesoramiento y apoyo a la mujer por medio de los Agentes para la Igualdad de la Mujer. 
<br>- Información y gestión de las prestaciones sociales municipales por medio del Centro de Servicios Sociales del distrito.
<br>- Fomento de la lectura a través de las Bibliotecas Municipales.",POINT (367607.25079803343 4066549.3037023474)
gp_sedesWifi.fid-55826e8e_15f397fdb1e_-1821,419,Junta Municipal de Distrito 2 Este,"La Junta Municipal del Distrito ofrece los siguientes servicios:
<br>- Atención al ciudadano, vecinos o entidades, ante cualquier petición dándole traslado al Área.
<br>- Participación ciudadana a través de los órganos de gobierno:
<br> a) Comisiones de trabajo, Consejo Político y Pleno.
<br> b) Gestión de Subvenciones a entidades del distrito.
<br>- Organización de actividades culturales, deportivas, etc.
<br>- Coordinación y colaboración en el control y seguimiento de obras.
<br>- Fomento del deporte en el distrito por medio de los técnicos de Fundación Deportiva que asesoran en actividades deportivas. 
<br>- Asesoramiento y apoyo a la mujer por medio de los Agentes para la Igualdad de la Mujer. 
<br>- Información y gestión de las prestaciones sociales municipales por medio del Centro de Servicios Sociales del distrito.
<br>- Fomento de la lectura a través de las Bibliotecas Municipales.",POINT (378896.0199052664 4064781.944853278)
gp_sedesWifi.fid-55826e8e_15f397fdb1e_-1820,421,Junta Municipal de Distrito 3 Ciudad Jardín - OMAC,"Estas instalaciones cuenta con los siguientes servicios:<BR>
- Junta Municipal de Distrito.<BR>
- Oficina Municipal de Atención a la Ciudadanía (OMAC).<BR>
La Junta Municipal del Distrito ofrece los siguientes servicios:
<br>- Atención al ciudadano, vecinos o entidades, ante cualquier petición dándole traslado al Área.
<br>- Participación ciudadana a través de los órganos de gobierno:
<br> a) Comisiones de trabajo, Consejo Político y Pleno.
<br> b) Gestión de Subvenciones a entidades del distrito.
<br>- Organización de actividades culturales, deportivas, etc.
<br>- Coordinación y colaboración en el control y seguimiento de obras.
<br>- Fomento del deporte en el distrito por medio de los técnicos de Fundación Deportiva que asesoran en actividades deportivas. 
<br>- Asesoramiento y apoyo a la mujer por medio de los Agentes para la Igualdad de la Mujer. 
<br>- Información y gestión de las prestaciones sociales municipales por medio del Centro de Servicios Sociales del distrito.
<br>- Fomento de la lectura a través de las Bibliotecas Municipales.",POINT (373460.65434503835 4067991.96417877)
gp_sedesWifi.fid-55826e8e_15f397fdb1e_-181f,433,Junta Municipal de Distrito 9 Campanillas - OMAC ,"Estas instalaciones cuenta con los siguientes servicios:<BR>
- Junta Municipal de Distrito.<BR>
- Oficina Municipal de Atención a la Ciudadanía (OMAC).<BR>
La Junta Municipal del Distrito ofrece los siguientes servicios:
<br>- Atención al ciudadano, vecinos o entidades, ante cualquier petición dándole traslado al Área.
<br>- Participación ciudadana a través de los órganos de gobierno:
<br> a) Comisiones de trabajo, Consejo Político y Pleno.
<br> b) Gestión de Subvenciones a entidades del distrito.
<br>- Organización de actividades culturales, deportivas, etc.
<br>- Coordinación y colaboración en el control y seguimiento de obras.
<br>- Fomento del deporte en el distrito por medio de los técnicos de Fundación Deportiva que asesoran en actividades deportivas. 
<br>- Asesoramiento y apoyo a la mujer por medio de los Agentes para la Igualdad de la Mujer. 
<br>- Información y gestión de las prestaciones sociales municipales por medio del Centro de Servicios Sociales del distrito.
<br>- Fomento de la lectura a través de las Bibliotecas Municipales.",POINT (362050.18640423275 4065781.5792851183)
gp_sedesWifi.fid-55826e8e_15f397fdb1e_-181e,425,Junta Municipal de Distrito 5 Palma-Palmilla - OMAC,"Estas instalaciones cuenta con los siguientes servicios:<BR>
- Junta Municipal de Distrito.<BR>
- Oficina Municipal de Atención a la Ciudadanía (OMAC).<BR>
La Junta Municipal del Distrito ofrece los siguientes servicios:
<br>- Atención al ciudadano, vecinos o entidades, ante cualquier petición dándole traslado al Área.
<br>- Participación ciudadana a través de los órganos de gobierno:
<br> a) Comisiones de trabajo, Consejo Político y Pleno.
<br> b) Gestión de Subvenciones a entidades del distrito.
<br>- Organización de actividades culturales, deportivas, etc.
<br>- Coordinación y colaboración en el control y seguimiento de obras.
<br>- Fomento del deporte en el distrito por medio de los técnicos de Fundación Deportiva que asesoran en actividades deportivas. 
<br>- Asesoramiento y apoyo a la mujer por medio de los Agentes para la Igualdad de la Mujer. 
<br>- Información y gestión de las prestaciones sociales municipales por medio del Centro de Servicios Sociales del distrito.
<br>- Fomento de la lectura a través de las Bibliotecas Municipales.",POINT (372504.17305793747 4066905.425400305)
gp_sedesWifi.fid-55826e8e_15f397fdb1e_-181d,423,Junta Municipal de Distrito 4 Bailén-Miraflores - OMAC,"Estas instalaciones cuenta con los siguientes servicios:<BR>
- Junta Municipal de Distrito.<BR>
- Oficina Municipal de Atención a la Ciudadanía (OMAC).<BR>
La Junta Municipal del Distrito ofrece los siguientes servicios:
<br>- Atención al ciudadano, vecinos o entidades, ante cualquier petición dándole traslado al Área.
<br>- Participación ciudadana a través de los órganos de gobierno:
<br> a) Comisiones de trabajo, Consejo Político y Pleno.
<br> b) Gestión de Subvenciones a entidades del distrito.
<br>- Organización de actividades culturales, deportivas, etc.
<br>- Coordinación y colaboración en el control y seguimiento de obras.
<br>- Fomento del deporte en el distrito por medio de los técnicos de Fundación Deportiva que asesoran en actividades deportivas. 
<br>- Asesoramiento y apoyo a la mujer por medio de los Agentes para la Igualdad de la Mujer. 
<br>- Información y gestión de las prestaciones sociales municipales por medio del Centro de Servicios Sociales del distrito.
<br>- Fomento de la lectura a través de las Bibliotecas Municipales.",POINT (371521.93804160174 4064952.749551727)
gp_sedesWifi.fid-55826e8e_15f397fdb1e_-181c,69,"Polideportivo Municipal José Paterna -El Palo- (Área de Deporte)
","<b><br>- Desarrollo de las Actividades deportivas y eventos programados y organizados por el Área de Deporte.
<br>- Alquiler de las unidades deportivas para uso y disfrute de los ciudadanos.
",
gp_sedesWifi.fid-55826e8e_15f397fdb1e_-181b,107,"Biblioteca Pública Municipal ""Jorge Guillén"" (Perchel)","Biblioteca Pública Municipal que se encuentra en el distrito 1. Es un  centro vivo de cultura que pretende:<br>
<br>- Ofertar servicios que garanticen la igualdad de oportunidades en las fuentes de información, formación y ocio.
<br>- Crear y consolidar los hábitos de lectura y fomentar entre la población infantil y adulta el uso de las bibliotecas.
<br>- Estimular el interés en el conocimiento y favorecer el aprendizaje.
<br><br>
<b>Se ofrece:</b>
<br>
<br>- Información general.
<br>- Referencia e información bibliográfica.
<br>- Préstamo individual.
<br>- Préstamo interbibliotecario.
<br>- Lectura en sala: Infantil-Adultos.
<br>- Hemeroteca. 
<br>- Reserva de documentos.
<br>- Reprografía.
<br>- Disideratas.
<br>- Consulta CD-ROM.
<br>- Sección Local.
<br>- Audiovisuales (DVD, Videos, CDs musicales, CD-Rom...)
<br>- Multimedia.
<br>- Formación de usuarios
<br>- Actividades de dinamización y fomento a la lectura.",POINT (372318.3521302605 4064208.4735421636)
gp_sedesWifi.fid-55826e8e_15f397fdb1e_-181a,119,"Biblioteca Pública Municipal ""José María Hinojosa"" (Colonia Santa Inés)","Biblioteca Pública Municipal que se encuentra en el Distrito 10 - Puerto de la Torre. Es un  centro vivo de cultura que pretende:

- Ofertar servicios que garanticen la igualdad de oportunidades en las fuentes de información, formación y ocio.
- Crear y consolidar los hábitos de lectura y fomentar entre la población infantil y adulta el uso de las bibliotecas.
- Estimular el interés en el conocimiento y favorecer el aprendizaje.


<b>Se ofrece:</b>
<br>
<br>- Información general.
<br>- Referencia e información bibliográfica.
<br>- Préstamo individual.
<br>- Préstamo interbibliotecario.
<br>- Lectura en sala: Infantil-Adultos.
<br>- Hemeroteca. 
<br>- Reserva de documentos.
<br>- Reprografía.
<br>- Disideratas.
<br>- Consulta CD-ROM.
<br>- Sección Local.
<br>- Audiovisuales (DVD, Videos, CDs musicales, CD-Rom...)
<br>- Multimedia.
<br>- Formación de usuarios
<br>- Actividades de dinamización y fomento a la lectura.",POINT (368904.60669355566 4065418.5587145756)
gp_sedesWifi.fid-55826e8e_15f397fdb1e_-1819,109,"Biblioteca Pública Municipal ""Emilio Prados"" (Palo)","Biblioteca Pública Municipal que se encuentra en el distrito 2. Es un  centro vivo de cultura que pretende:<br>
<br>- Ofertar servicios que garanticen la igualdad de oportunidades en las fuentes de información, formación y ocio.
<br>- Crear y consolidar los hábitos de lectura y fomentar entre la población infantil y adulta el uso de las bibliotecas.
<br>- Estimular el interés en el conocimiento y favorecer el aprendizaje.
<br><br>
<b>Se ofrece:</b>
<br>
<br>- Información general.
<br>- Referencia e información bibliográfica.
<br>- Préstamo individual.
<br>- Préstamo interbibliotecario.
<br>- Lectura en sala: Infantil-Adultos.
<br>- Hemeroteca. 
<br>- Reserva de documentos.
<br>- Reprografía.
<br>- Disideratas.
<br>- Consulta CD-ROM.
<br>- Sección Local.
<br>- Audiovisuales (DVD, Videos, CDs musicales, CD-Rom...)
<br>- Multimedia.
<br>- Formación de usuarios
<br>- Actividades de dinamización y fomento a la lectura.",POINT (378873.47320958116 4064766.7297324687)
gp_sedesWifi.fid-55826e8e_15f397fdb1e_-1818,114,"Biblioteca Pública Municipal ""Francisco Guillén Robles"" (Santa Paula)","Biblioteca Pública Municipal que se encuentra en el distrito 7. Es un  centro vivo de cultura que pretende:<br>
<br>- Ofertar servicios que garanticen la igualdad de oportunidades en las fuentes de información, formación y ocio.
<br>- Crear y consolidar los hábitos de lectura y fomentar entre la población infantil y adulta el uso de las bibliotecas.
<br>- Estimular el interés en el conocimiento y favorecer el aprendizaje.
<br><br>
<b>Se ofrece:</b>
<br>
<br>- Información general.
<br>- Referencia e información bibliográfica.
<br>- Préstamo individual.
<br>- Préstamo interbibliotecario.
<br>- Lectura en sala: Infantil-Adultos.
<br>- Hemeroteca. 
<br>- Reserva de documentos.
<br>- Reprografía.
<br>- Disideratas.
<br>- Consulta CD-ROM.
<br>- Sección Local.
<br>- Audiovisuales (DVD, Videos, CDs musicales, CD-Rom...)
<br>- Multimedia.
<br>- Formación de usuarios
<br>- Actividades de dinamización y fomento a la lectura.",POINT (370847.9393817488 4061546.34104977)
gp_sedesWifi.fid-55826e8e_15f397fdb1e_-1817,176,Polideportivo Municipal de Ciudad Jardín (Área de Deporte),"<b><br>- Desarrollo de las Actividades deportivas y eventos programados y organizados por el Área de Deporte.
<br>- Alquiler de las unidades deportivas para uso y disfrute de los ciudadanos.
",POINT (372904.03671587986 4068091.2127615022)
gp_sedesWifi.fid-55826e8e_15f397fdb1e_-1816,68,Polideportivo Municipal de Tiro de Pichón (Área de Deporte),"<b><br>- Desarrollo de las Actividades deportivas y eventos programados y organizados por el Área de Deporte.
<br>- Alquiler de las unidades deportivas para uso y disfrute de los ciudadanos.
",POINT (370253.4477569083 4063831.1856119237)
gp_sedesWifi.fid-55826e8e_15f397fdb1e_-1815,111,"Biblioteca Pública Municipal ""Alberto Jiménez Fraud"" (Palma-Palmilla)","Biblioteca Pública Municipal que se encuentra en el distrito 5. Es un centro vivo de cultura que pretende:<br>
<br>- Ofertar servicios que garanticen la igualdad de oportunidades en las fuentes de información, formación y ocio.
<br>- Crear y consolidar los hábitos de lectura y fomentar entre la población infantil y adulta el uso de las bibliotecas.
<br>- Estimular el interés en el conocimiento y favorecer el aprendizaje.
<br><br>
<b>Se ofrece:</b>
<br>
<br>- Información general.
<br>- Referencia e información bibliográfica.
<br>- Préstamo individual.
<br>- Préstamo interbibliotecario.
<br>- Lectura en sala: Infantil-Adultos.
<br>- Hemeroteca. 
<br>- Reserva de documentos.
<br>- Reprografía.
<br>- Disideratas.
<br>- Consulta CD-ROM.
<br>- Sección Local.
<br>- Audiovisuales (DVD, Videos, CDs musicales, CD-Rom...)
<br>- Multimedia.
<br>- Formación de usuarios
<br>- Actividades de dinamización y fomento a la lectura.",POINT (372416.8705934638 4066920.0432417816)
gp_sedesWifi.fid-55826e8e_15f397fdb1e_-1814,112,"Biblioteca Pública Municipal ""Dámaso Alonso"" (Jardín de Málaga)","Biblioteca Pública Municipal que se encuentra en el distrito 3. Es un  centro vivo de cultura que pretende:<br>
- Ofertar servicios que garanticen la igualdad de oportunidades en las fuentes de información, formación y ocio.
- Crear y consolidar los hábitos de lectura y fomentar entre la población infantil y adulta el uso de las bibliotecas.
- Estimular el interés en el conocimiento y favorecer el aprendizaje.
<br><br>
<b>Se ofrece:</b>

- Información general.
- Referencia e información bibliográfica.
- Préstamo individual.
- Préstamo interbibliotecario.
- Lectura en sala: Infantil-Adultos.
- Hemeroteca. 
- Reserva de documentos.
- Reprografía.
- Disideratas.
- Consulta CD-ROM.
- Sección Local.
- Audiovisuales (DVD, Videos, CDs musicales, CD-Rom...)
- Multimedia.
- Formación de usuarios.
- Actividades de dinamización y fomento a la lectura.",POINT (373460.65434503835 4067991.96417877)
gp_sedesWifi.fid-55826e8e_15f397fdb1e_-1813,118,"Biblioteca Pública Municipal ""José Moreno Villa"" (Churriana)","Biblioteca Pública Municipal que se encuentra en el Distrito 8 - Churriana. Es un  centro vivo de cultura que <b>pretende:</b>
<li>Ofertar servicios que garanticen la igualdad de oportunidades en las fuentes de información, formación y ocio.
<li> Crear y consolidar los hábitos de lectura y fomentar entre la población infantil y adulta el uso de las bibliotecas.
<li> Estimular el interés en el conocimiento y favorecer el aprendizaje.


<b>Se ofrece:</b>
<li>Información general.
<li>Referencia e información bibliográfica.
<li>Préstamo individual.
<li>Préstamo interbibliotecario.
<li>Lectura en sala: Infantil-Adultos.
<li>Hemeroteca. 
<li>Reserva de documentos.
<li>Reprografía.
<li>Disideratas.
<li>Consulta CD-ROM.
<li>Sección Local.
<li>Audiovisuales (DVD, Videos, CDs musicales, CD-Rom...)
<li> Multimedia.
<li>Formación de usuarios
<li>Actividades de dinamización y fomento a la lectura.",POINT (365918.27060296136 4058785.81914414)
gp_sedesWifi.fid-55826e8e_15f397fdb1e_-1812,117,"Biblioteca Pública Municipal ""María Zambrano"" (Huelin)","Biblioteca Pública Municipal que se encuentra en el distrito 7. Es un  centro vivo de cultura que pretende:<br>
<br>- Ofertar servicios que garanticen la igualdad de oportunidades en las fuentes de información, formación y ocio.
<br>- Crear y consolidar los hábitos de lectura y fomentar entre la población infantil y adulta el uso de las bibliotecas.
<br>- Estimular el interés en el conocimiento y favorecer el aprendizaje.
<br><br>
<b>Se ofrece:</b>
<br>
<br>- Información general.
<br>- Referencia e información bibliográfica.
<br>- Préstamo individual.
<br>- Préstamo interbibliotecario.
<br>- Lectura en sala: Infantil-Adultos.
<br>- Hemeroteca. 
<br>- Reserva de documentos.
<br>- Reprografía.
<br>- Disideratas.
<br>- Consulta CD-ROM.
<br>- Sección Local.
<br>- Audiovisuales (DVD, Videos, CDs musicales, CD-Rom...)
<br>- Multimedia.
<br>- Formación de usuarios
<br>- Actividades de dinamización y fomento a la lectura.",POINT (371584.11059096677 4062725.900569583)
gp_sedesWifi.fid-55826e8e_15f397fdb1e_-1811,110,"Biblioteca Pública Municipal ""Miguel de Cervantes"" (Bailén-Las Chapas)","Biblioteca Pública Municipal que se encuentra en el distrito 4. Es un  centro vivo de cultura que pretende:<br>
<br>- Ofertar servicios que garanticen la igualdad de oportunidades en las fuentes de información, formación y ocio.
<br>- Crear y consolidar los hábitos de lectura y fomentar entre la población infantil y adulta el uso de las bibliotecas.
<br>- Estimular el interés en el conocimiento y favorecer el aprendizaje.
<br><br>
<b>Se ofrece:</b>
<br>
<br>- Información general.
<br>- Referencia e información bibliográfica.
<br>- Préstamo individual.
<br>- Préstamo interbibliotecario.
<br>- Lectura en sala: Infantil-Adultos.
<br>- Hemeroteca. 
<br>- Reserva de documentos.
<br>- Reprografía.
<br>- Disideratas.
<br>- Consulta CD-ROM.
<br>- Sección Local.
<br>- Audiovisuales (DVD, Videos, CDs musicales, CD-Rom...)
<br>- Multimedia.
<br>- Formación de usuarios
<br>- Actividades de dinamización y fomento a la lectura.",POINT (371660.2315424113 4064941.796866115)
gp_sedesWifi.fid-55826e8e_15f397fdb1e_-1810,115,"Biblioteca Pública Municipal ""Narciso Díaz de Escovar"" (El Torcal)","Biblioteca Pública Municipal que se encuentra en el distrito 7. Es un  centro vivo de cultura que <b>pretende</b>:
<li>Ofertar servicios que garanticen la igualdad de oportunidades en las fuentes de información, formación y ocio.
<li>Crear y consolidar los hábitos de lectura y fomentar entre la población infantil y adulta el uso de las bibliotecas.
<li> Estimular el interés en el conocimiento y favorecer el aprendizaje.

<b>Se ofrece:</b>
<li>Información general.
<li>Referencia e información bibliográfica.
<li>Préstamo individual.
<li>Préstamo interbibliotecario.
<li>Lectura en sala: Infantil-Adultos.
<li>Hemeroteca. 
<li>Reserva de documentos.
<li>Reprografía.
<li>Disideratas.
<li>Sección Local.
<li>Audiovisuales (DVD, Videos, CDs musicales, CD-Rom...)
<li>Multimedia.
<li>Formación de usuarios
<li>Actividades de dinamización y fomento a la lectura.",POINT (370574.983377698 4062643.448142146)
gp_sedesWifi.fid-55826e8e_15f397fdb1e_-180f,121,"Biblioteca Pública Municipal ""Serafín Estébanez Calderón"" (Santa Rosalía)","Biblioteca Pública Municipal que se encuentra en el distrito 9. Es un  centro vivo de cultura que pretende:<br>
<br>- Ofertar servicios que garanticen la igualdad de oportunidades en las fuentes de información, formación y ocio.
<br>- Crear y consolidar los hábitos de lectura y fomentar entre la población infantil y adulta el uso de las bibliotecas.
<br>- Estimular el interés en el conocimiento y favorecer el aprendizaje.
<br><br>
<b>Se ofrece:</b>
<br>
<br>- Información general.
<br>- Referencia e información bibliográfica.
<br>- Préstamo individual.
<br>- Préstamo interbibliotecario.
<br>- Lectura en sala: Infantil-Adultos.
<br>- Hemeroteca. 
<br>- Reserva de documentos.
<br>- Reprografía.
<br>- Disideratas.
<br>- Consulta CD-ROM.
<br>- Sección Local.
<br>- Audiovisuales (DVD, Videos, CDs musicales, CD-Rom...)
<br>- Multimedia.
<br>- Formación de usuarios
<br>- Actividades de dinamización y fomento a la lectura.",POINT (359961.11637164134 4066342.6343960837)
gp_sedesWifi.fid-55826e8e_15f397fdb1e_-180e,120,"Biblioteca Pública Municipal ""Vicente Espinel"" (Puerto de la Torre)","Biblioteca Pública Municipal que se encuentra en el distrito 10. Es un  centro vivo de cultura que pretende:<br>
<br>- Ofertar servicios que garanticen la igualdad de oportunidades en las fuentes de información, formación y ocio.
<br>- Crear y consolidar los hábitos de lectura y fomentar entre la población infantil y adulta el uso de las bibliotecas.
<br>- Estimular el interés en el conocimiento y favorecer el aprendizaje.
<br><br>
<b>Se ofrece:</b>
<br>
<br>- Información general.
<br>- Referencia e información bibliográfica.
<br>- Préstamo individual.
<br>- Préstamo interbibliotecario.
<br>- Lectura en sala: Infantil-Adultos.
<br>- Hemeroteca. 
<br>- Reserva de documentos.
<br>- Reprografía.
<br>- Disideratas.
<br>- Consulta CD-ROM.
<br>- Sección Local.
<br>- Audiovisuales (DVD, Videos, CDs musicales, CD-Rom...)
<br>- Multimedia.
<br>- Formación de usuarios
<br>- Actividades de dinamización y fomento a la lectura.",POINT (367483.7710718259 4066592.273664542)
gp_sedesWifi.fid-55826e8e_15f397fdb1e_-180d,6368,Centro de Servicios Sociales Comunitarios Distrito Teatinos-Universidad,"El Centro de Servicios Sociales, a través de un equipo interdisciplinar, ofrece:
-Una atención personalizada a individuos, grupos y entidades. 
-El estudio, valoración y tratamiento de las necesidades sociales. 
-La gestión de servicios y prestaciones sociales acorde con el diagnóstico social y las Normativas de Servicios Sociales vigentes. 
-Realización de actividades comunitarias.
Los Programas puestos en marcha desde el C.S.S Teatinos-Universidad son: Trabajo Social de Zona, Familia y Convivencia, Prevención de la Marginación e Inserción Social, Cooperación Social y Prestaciones Económicas Complementarias.
El horario de atención al público es de lunes a viernes de 9:00 a 13:30 horas.  El Centro abre de 7,30 a 15,30",POINT (369186.3001450664 4065089.1204893035)
gp_sedesWifi.fid-55826e8e_15f397fdb1e_-180c,1653,Casa del Jardinero,"Periodo: Siglo XX.

Construida en 1908, fue utilizada como vivienda por el jardinero mayor del Ayuntamiento. Se encuentra rodeada de una frondosa vegetación, que casi la oculta desde el exterior. La construcción es de escasas dimensiones y ocupa el centro del jardín, lo que permite su observación desde todos los ángulos.",POINT (373501.4785205601 4064714.643173625)
gp_sedesWifi.fid-55826e8e_15f397fdb1e_-180b,1263,Centro Municipal de Atención a Infancia y Familia,"El Centro de Atención Municipal a Infancia y Familia se integra en el PROGRAMA DE PREVENCIÓN Y APOYO A LA FAMILIA y tiene como objetivo básico atender a las familias malagueñas mejorando la convivencia familiar en aquellos hogares donde las mismas se hubieran deteriorado,  y con una clara vertiente preventiva en cuanto al trabajo educativo con padres y madres preocupados por la educación de sus hijos/as desde la intervención grupal.<br>
<br>
Desarrolla sus objetivos a través de varios proyectos:
 - Promoción de la participación infantil, prevención y apoyo familiar, formación e investigación.
- Servicio de Orientación y Mediación  Familiar.
- Convocatorias de Ayudas económicas para Semana Blanca y Educa en Verano
- Equipos de Tratamiento Familiar (familias en alto riesgo de exclusión social)
- Aula permanente de educación familiar
",POINT (372287.5132164611 4063518.7468955955)
gp_sedesWifi.fid-55826e8e_15f397fdb1e_-180a,130,Alcazaba,"Palacio fortaleza de los gobernantes musulmanes de la ciudad.
Fue construido en su mayor parte en el siglo XI y es uno de los monumentos emblemáticos de la capital malagueña.

",POINT (373444.02755060955 4064816.4682204677)
gp_sedesWifi.fid-55826e8e_15f397fdb1e_-1809,194, Centro de Servicios Sociales Comunitarios Distrito Carretera de Cádiz,"<br>El Centro de Servicios Sociales, a través de un equipo interdisciplinar, ofrece:
<li>Una atención personalizada a individuos, grupos y entidades. 
<li>El estudio, valoración y tratamiento de las necesidades sociales. 
<li>La gestión de servicios y prestaciones sociales acorde con el diagnóstico social y las Normativas de Servicios Sociales vigentes. 
<li>Realización de actividades comunitarias.",POINT (369893.16124923684 4062051.2498156046)
gp_sedesWifi.fid-55826e8e_15f397fdb1e_-1808,286,Centro de Arte Contemporáneo de Málaga (CAC Málaga),"El <b>CAC Málaga</b> es un espacio destinado a la reflexión y divulgación del arte contemporáneo. Se trata de un espacio dinámico, innovador y abierto a todo tipo de propuestas artísticas e iniciativas ciudadanas. 

Una colección permanente formada por más de cuatrocientas obras de arte de los más prestigiosos artistas de la actualidad, una ambiciosa programación de exposiciones, conferencias, talleres, seminarios y actividades hacen del CAC Málaga un centro vivo, un lugar para la expresión y difusión de las últimas tendencias de las artes visuales. 
",POINT (372685.50485668174 4064147.5221991176)
gp_sedesWifi.fid-55826e8e_15f397fdb1e_-1807,106,Archivo Municipal (Área de Cultura),<br>,POINT (372900.72209541994 4064442.811560362)
gp_sedesWifi.fid-55826e8e_15f397fdb1e_-1806,2026,Centro Ciudadano Adolfo Cervantes,Acoge la Asociación de Vecinos Galerías y la Asoc. Jovenes solidarios.,POINT (370581.08435804147 4062869.720940168)
gp_sedesWifi.fid-55826e8e_15f397fdb1e_-1805,1976,Oficina Municipal de Atención a la Ciudadanía (OMAC 5 - Palma Palmilla),"Oficina de atención a la ciudadanía dónde le informarán de todos los servicios que ofrece en el Ayuntamiento de Málaga, y podrá realizar algunos de ellos.",POINT (372504.17305793747 4066905.425400305)
gp_sedesWifi.fid-55826e8e_15f397fdb1e_-1804,1891,Oficina Municipal de Atención a la Ciudadanía (OMAC 2 - Málaga Este),"Oficina de atención a la ciudadanía dónde le informarán de todos los servicios que ofrece en el Ayuntamiento de Málaga, y podrá realizar algunos de ellos.",POINT (378639.4915689429 4064833.2922584447)
gp_sedesWifi.fid-55826e8e_15f397fdb1e_-1803,1905,Oficina Municipal de Atención a la Ciudadanía (OMAC 8 - Churriana),"Oficina de atención a la ciudadanía dónde le informarán de todos los servicios que ofrece en el Ayuntamiento de Málaga, y podrá realizar algunos de ellos.",POINT (365705.2248529624 4059224.1378387343)
gp_sedesWifi.fid-55826e8e_15f397fdb1e_-1802,1907,"Oficina Municipal de Atención a la Ciudadanía (OMAC 9 - Campanillas) 
","Oficina de atención a la ciudadanía dónde le informarán de todos los servicios que ofrece en el Ayuntamiento de Málaga, y podrá realizar algunos de ellos.",POINT (362050.18640423275 4065781.5792851183)
gp_sedesWifi.fid-55826e8e_15f397fdb1e_-1801,1929,Observatorio de Medio Ambiente Urbano de Málaga (OMAU),"El Observatorio de Medio Ambiente Urbano (OMAU), situado en Málaga, nace como síntesis de los trabajos realizados entre 2000 y 2006 en el ámbito del Programa URB-AL, periodo en el que junto a 219 ciudades socias de Europa y América se desarrollaron numerosos encuentros e intercambio de experiencias, e igualmente se pusieron en marcha 12 proyectos de actuación. 

El OMAU pretende dar continuidad a los trabajos realizados en ese tiempo en el campo del Medio Ambiente Urbano, y especialmente a los que han significado su eje de trabajo en lo que consideramos una labor integral del medio urbano:
<li> El territorio y la configuración de la ciudad
<li> La gestión de los recursos naturales
<li> La cohesión social y el desarrollo económico
<li> El Gobierno de la ciudad y la participación ciudadana ",POINT (376458.7564769477 4065059.7939602975)
gp_sedesWifi.fid-55826e8e_15f397fdb1e_-1800,1943,Oficina Municipal de Atención a la Ciudadanía (OMAC 4 - Bailén Miraflores),"Oficina de atención a la ciudadanía dónde le informarán de todos los servicios que ofrece en el Ayuntamiento de Málaga, y podrá realizar algunos de ellos. ",POINT (371672.7346048853 4064941.6093188776)
gp_sedesWifi.fid-55826e8e_15f397fdb1e_-17ff,1950,Oficina Municipal de Atención a la Ciudadanía (OMAC 10 - Puerto de la Torre),"Oficina de atención a la ciudadanía dónde le informarán de todos los servicios que ofrece en el Ayuntamiento de Málaga, y podrá realizar algunos de ellos.",POINT (367718.7956743643 4066716.2450095816)
gp_sedesWifi.fid-55826e8e_15f397fdb1e_-17fe,1951,Oficina Municipal de Atención a la Ciudadanía (OMAC 1 - Centro),"Oficina de atención a la ciudadanía dónde le informarán de todos los servicios que ofrece en el Ayuntamiento de Málaga, y podrá realizar algunos de ellos.",POINT (373416.9255569045 4065218.5519843986)
gp_sedesWifi.fid-55826e8e_15f397fdb1e_-17fd,2770,La Caja Blanca,"Un lugar único, de vanguardia para difundir el arte y todas las creaciones artística imaginables e inimaginables: un espacio para la creación y el arte joven. Un lugar que ofrece a los ciudadanos/as la oportunidad de participar en los retos de la creación y de la expectación. Este centro de la imaginación es el futuro y se hace presente en la extraordinaria realidad cultural de Málaga y el gran momento de creatividad de sus jóvenes.",POINT (368293.15892833006 4065562.218792838)
gp_sedesWifi.fid-55826e8e_15f397fdb1e_-17fc,1975,Oficina Municipal de Atención a la Ciudadanía (OMAC 7 - Carretera de Cádiz),"Oficina de atención a la ciudadanía dónde le informarán de todos los servicios que ofrece en el Ayuntamiento de Málaga, y podrá realizar algunos de ellos.",POINT (371627.8376748142 4062781.8357898695)
gp_sedesWifi.fid-55826e8e_15f397fdb1e_-17fb,3011,"Biblioteca Pública Municipal ""Cristóbal Cuevas"" (Victoria Eugenia) ","Biblioteca Pública Municipal que se encuentra en el distrito 4. Es un  centro vivo de cultura que pretende:<br>
<br>- Ofertar servicios que garanticen la igualdad de oportunidades en las fuentes de información, formación y ocio.
<br>- Crear y consolidar los hábitos de lectura y fomentar entre la población infantil y adulta el uso de las bibliotecas.
<br>- Estimular el interés en el conocimiento y favorecer el aprendizaje.
<br><br>
<b>Se ofrece:</b>
<br>
<br>- Información general.
<br>- Referencia e información bibliográfica.
<br>- Préstamo individual.
<br>- Préstamo interbibliotecario.
<br>- Lectura en sala: Infantil-Adultos.
<br>- Hemeroteca. 
<br>- Reserva de documentos.
<br>- Reprografía.
<br>- Disideratas.
<br>- Consulta CD-ROM.
<br>- Sección Local.
<br>- Audiovisuales (DVD, Videos, CDs musicales, CD-Rom...)
<br>- Multimedia.
<br>- Formación de usuarios
<br>- Actividades de dinamización y fomento a la lectura.",POINT (371748.67314900627 4065835.942628524)
gp_sedesWifi.fid-55826e8e_15f397fdb1e_-17fa,3050,Centro de Recursos Asociativos,"Es un espacio donde  distintas entidades del tejido asociativo malagueño pueden llevar a cabo su labor y ofrecer a la ciudadanía de Málaga actividades de carácter informativo, cultural, social, etc. Acoge a las entidades: Asoc. Cult. Zegrí, Admundi, Luna-Málaga, Asoc. Andaluza de Epilepsia, Asi es Colombia, Asoc. Mujeres Demeter, Bancosol, Animactiva, Madre Coraje, Fundación tutela, Cobarja, Asoc. Libres de alcohol, Asoc. Imaginamed, Asoc. Aradia y Asoc. Ojala entiendas. ",POINT (376951.03304279596 4064880.710963948)
gp_sedesWifi.fid-55826e8e_15f397fdb1e_-17f9,345,CENTRO MUNICIPAL DE INFORMÁTICA (C.E.M.I.),"- Las funciones del CEMI son impulsar y coordinar el proceso de informatización de las tareas desarrolladas en las distintas áreas, organismos y empresas municipales.",POINT (371487.44286528195 4062297.925339474)
gp_sedesWifi.fid-55826e8e_15f397fdb1e_-17f8,427,Junta Municipal de Distrito 6 Cruz Del Humilladero - OMAC,"Estas instalaciones cuenta con los siguientes servicios:<BR>
- Junta Municipal de Distrito.<BR>
- Oficina Municipal de Atención a la Ciudadanía (OMAC).<BR>
La Junta Municipal del Distrito ofrece los siguientes servicios:
<br>- Atención al ciudadano, vecinos o entidades, ante cualquier petición dándole traslado al Área.
<br>- Participación ciudadana a través de los órganos de gobierno:
<br> a) Comisiones de trabajo, Consejo Político y Pleno.
<br> b) Gestión de Subvenciones a entidades del distrito.
<br>- Organización de actividades culturales, deportivas, etc.
<br>- Coordinación y colaboración en el control y seguimiento de obras.
<br>- Fomento del deporte en el distrito por medio de los técnicos de Fundación Deportiva que asesoran en actividades deportivas. 
<br>- Asesoramiento y apoyo a la mujer por medio de los Agentes para la Igualdad de la Mujer. 
<br>- Información y gestión de las prestaciones sociales municipales por medio del Centro de Servicios Sociales del distrito.
<br>- Fomento de la lectura a través de las Bibliotecas Municipales.",POINT (371213.6491055268 4064055.253811744)
gp_sedesWifi.fid-55826e8e_15f397fdb1e_-17f7,431,Junta Municipal de Distrito 8 Churriana - OMAC,"Estas instalaciones cuenta con los siguientes servicios:<BR>
- Junta Municipal de Distrito.<BR>
- Oficina Municipal de Atención a la Ciudadanía (OMAC).<BR>
La Junta Municipal del Distrito ofrece los siguientes servicios:
<br>- Atención al ciudadano, vecinos o entidades, ante cualquier petición dándole traslado al Área.
<br>- Participación ciudadana a través de los órganos de gobierno:
<br> a) Comisiones de trabajo, Consejo Político y Pleno.
<br> b) Gestión de Subvenciones a entidades del distrito.
<br>- Organización de actividades culturales, deportivas, etc.
<br>- Coordinación y colaboración en el control y seguimiento de obras.
<br>- Fomento del deporte en el distrito por medio de los técnicos de Fundación Deportiva que asesoran en actividades deportivas. 
<br>- Asesoramiento y apoyo a la mujer por medio de los Agentes para la Igualdad de la Mujer. 
<br>- Información y gestión de las prestaciones sociales municipales por medio del Centro de Servicios Sociales del distrito.
<br>- Fomento de la lectura a través de las Bibliotecas Municipales.",POINT (365705.2248529624 4059224.1378387343)
gp_sedesWifi.fid-55826e8e_15f397fdb1e_-17f6,472,"Área de COMERCIO, VÍA PÚBLICA Y MERCADOS","Dirigir todas las actividades del <i>Área de Comercio, Industria, Vía Pública y Empleo</i>.",POINT (373912.5695105087 4064787.3581209797)
gp_sedesWifi.fid-55826e8e_15f397fdb1e_-17f5,479,"PROMÁLAGA - EMPRESA MUNICIPAL DE INICIATIVAS Y ACTIVIDADES EMPRESARIALES DE MÁLAGA, S.A. ","Se dedica a promover el desarrollo económico y empresarial de Málaga, ejecutando proyectos emblemáticos para la ciudad, así como impulsando la creación de empresas. 

<b>Promalaga</b> asesora de manera personalizada a los emprendedores, en materia de subvenciones y ayudas, formas jurídicas, ubicación y planes de empresa.Para ello cuenta con la Red Municipal de Incubadoras de Empresas, que se coordinan desde el edificio PROMALAGA I+D. 

",POINT (373518.55761351186 4065023.974742385)
gp_sedesWifi.fid-55826e8e_15f397fdb1e_-17f4,483,ESCUELA DE SEGURIDAD PÚBLICA DEL AYUNTAMIENTO DE MÁLAGA (ESPAM),"Formación Básica: Ingresos y capacitación de la Policía local, el R.C. De bomberos y protección civil.<br>Formación Permanente: especialización y actualización para policía local, bomberos y protección civil.<br>Investigación, estudio y divulgación en materias relacionadas con la seguridad pública.<br>
Actividades formativas de prevención en materia de seguridad pública.",POINT (372982.25047535513 4067706.1185543453)
gp_sedesWifi.fid-55826e8e_15f397fdb1e_-17f3,587,O.A. GESTION TRIBUTARIA - Servicio de Inspección Tributaria (Tabacalera),- Tramitación del procedimiento inspector en materia de tributos locales.,POINT (371364.66680896294 4062392.977550592)
gp_sedesWifi.fid-55826e8e_15f397fdb1e_-17f2,1888,Oficina Municipal de Atención a la Ciudadanía (OMAC 3 - Ciudad Jardín),"Oficina de atención a la ciudadanía dónde le informarán de todos los servicios que ofrece en el Ayuntamiento de Málaga, y podrá realizar algunos de ellos. 
",POINT (373460.65434503835 4067991.96417877)
gp_sedesWifi.fid-55826e8e_15f397fdb1e_-17f1,3472,<b>AULA TECNOLÓGICA DE FORMACIÓN CIUDADANA </b>,"Procurar una oferta formativa constante, en materia de nuevas tecnologías, para la ciudadanía en general, las asociaciones y el voluntariado.",POINT (373574.7690225502 4065684.477911578)
gp_sedesWifi.fid-55826e8e_15f397fdb1e_-17f0,3493,Centro Ciudadano Valle Inclán,"Centro social cedido, entre otras entidades, a las asociaciones de mayores: Hermanos Unidos, Nueva Primavera y Sol de Málaga. Se desarrollan actividades de ocupación del ocio y tiempo libre de mayores organizadas por las entidades, Área de Bienestar Social y distrito. Cuenta con servicios de peluquería, podología y cafetería.",POINT (372578.62895331805 4066628.0179116656)
gp_sedesWifi.fid-55826e8e_15f397fdb1e_-17ef,262,O.A. GESTION TRIBUTARIA - Oficina del Padrón Municipal de Habitantes (Tabacalera),"Oficina de atención al público donde se pueden realizar todos los trámites relacionados con el padrón municipal de habitantes.<BR>
",POINT (371334.2931544162 4062393.4339022976)
gp_sedesWifi.fid-55826e8e_15f397fdb1e_-17ee,89,Fundación Picasso. Museo Casa Natal,"La Fundación Picasso fue creada por acuerdo del pleno del Excmo. Ayuntamiento de Málaga el 26 de Febrero de 1988, como Organismo Autónomo Municipal, con el objeto de estudiar y promover la obra y la figura del artista.
<br>Su sede es la casa natal de Pablo Picasso, en el nº 15 de la Plaza de la Merced de Málaga, declarada Monumento Histórico-Artístico de Interés Nacional el 25 de marzo de 1983. El 20 de febrero de 1991, el Ministerio de Cultura integró a la Fundación en el Sistema Español de Museos.
<br>Emplazada primitivamente en la primera planta del edificio, las instalaciones de la Fundación pudieron ampliarse hasta ocupar el resto del inmueble, tras la rehabilitación del mismo y su reinauguración por SS.MM. los Reyes de España el 22 de junio de 1998. Asimismo, desde el año 2005, la institución cuenta con otra Sala de Exposiciones en el nº 13 de la Plaza de la Merced.
<br>La Fundación Picasso desarrolla sus fines en varias líneas de trabajo: la puesta en valor de su importancia turístico-cultural como Museo Casa Natal, el incremento y conservación de sus colecciones de arte (que superan las cuatro mil piezas, debidas a más de 200 artistas), la organización de exposiciones y actividades diversas (conferencias, acciones didácticas, etc.), la publicación de catálogos y monografías y el mantenimiento de un Centro de Documentación especializado en el artista y el arte moderno. 
<br>Un recorrido por la Casa Natal incluye la recreación de un salón del siglo XIX y una serie de salas que muestran diversos objetos originales, recuerdos familiares y piezas realizadas por el pintor malagueño, que documentan la vinculación familiar, social y cultural de Pablo Picasso con la tierra donde nació.<br>Por otro lado, los visitantes pueden disfrutar del programa de exposiciones temporales de la Fundación Picasso, dedicadas tanto al propio pintor como a otros protagonistas del arte moderno. Dichas muestras pueden contemplarse en las Salas de Exposiciones de la planta baja del inmueble y del nº 13 de la Plaza de la Merced. ",POINT (373404.01254387514 4065191.0025295457)
gp_sedesWifi.fid-55826e8e_15f397fdb1e_-17ed,4079,"Biblioteca Pública Municipal ""Bernabé Fernández-Canivell""(Pedregalejo)","Biblioteca Pública Municipal que se encuentra en el distrito 2. Es un  centro vivo de cultura que pretende:<br>
<br>- Ofertar servicios que garanticen la igualdad de oportunidades en las fuentes de información, formación y ocio.
<br>- Crear y consolidar los hábitos de lectura y fomentar entre la población infantil y adulta el uso de las bibliotecas.
<br>- Estimular el interés en el conocimiento y favorecer el aprendizaje.
<br><br>
<b>Se ofrece:</b>
<br>
<br>- Información general.
<br>- Referencia e información bibliográfica.
<br>- Préstamo individual.
<br>- Préstamo interbibliotecario.
<br>- Lectura en sala: Infantil-Adultos.
<br>- Hemeroteca. 
<br>- Reserva de documentos.
<br>- Reprografía.
<br>- Disideratas.
<br>- Consulta CD-ROM.
<br>- Sección Local.
<br>- Audiovisuales (DVD, Videos, CDs musicales, CD-Rom...)
<br>- Multimedia.
<br>- Formación de usuarios
<br>- Actividades de dinamización y fomento a la lectura.",POINT (377250.17880830663 4064874.1945915823)
